"Country Name","Country Code","Indicator Name","Indicator Code","1960","1961","1962","1963","1964","1965","1966","1967","1968","1969","1970","1971","1972","1973","1974","1975","1976","1977","1978","1979","1980","1981","1982","1983","1984","1985","1986","1987","1988","1989","1990","1991","1992","1993","1994","1995","1996","1997","1998","1999","2000","2001","2002","2003","2004","2005","2006","2007","2008","2009","2010","2011","2012","2013","2014","2015","2016","2017","2018","2019","2020","2021","2022","2023",
"Aruba","ABW","Prevalence of current tobacco use (% of adults)","SH.PRV.SMOK","","","","","","","","","","","","","","","","","","","","","","","","","","","","","","","","","","","","","","","","","","","","","","","","","","","","","","","","","","","","","","","","",
"Africa Eastern and Southern","AFE","Prevalence of current tobacco use (% of adults)","SH.PRV.SMOK","","","","","","","","","","","","","","","","","","","","","","","","","","","","","","","","","","","","","","","","","21.2069177690197","","","","","18.2465967246938","","","","","15.8535255110021","","","","","13.8594561700187","","","12.4799145290924","12.4514617782889","12.1257397934987","","","",
"Afghanistan","AFG","Prevalence of current tobacco use (% of adults)","SH.PRV.SMOK","","","","","","","","","","","","","","","","","","","","","","","","","","","","","","","","","","","","","","","","","36.9","","","","","32.7","","","","","29.1","","","","","26","","","23.8","23.8","23.3","","","",
"Africa Western and Central","AFW","Prevalence of current tobacco use (% of adults)","SH.PRV.SMOK","","","","","","","","","","","","","","","","","","","","","","","","","","","","","","","","","","","","","","","","","12.7803934546453","","","","","10.5965124636657","","","","","8.77580775190699","","","","","7.31805704383868","","","6.34763126140221","6.3529411272548","6.12063820511717","","","",
"Angola","AGO","Prevalence of current tobacco use (% of adults)","SH.PRV.SMOK","","","","","","","","","","","","","","","","","","","","","","","","","","","","","","","","","","","","","","","","","","","","","","","","","","","","","","","","","","","","","","","","",
"Albania","ALB","Prevalence of current tobacco use (% of adults)","SH.PRV.SMOK","","","","","","","","","","","","","","","","","","","","","","","","","","","","","","","","","","","","","","","","","35","","","","","31.3","","","","","28","","","","","25.1","","","23","23","22.4","","","",
"Andorra","AND","Prevalence of current tobacco use (% of adults)","SH.PRV.SMOK","","","","","","","","","","","","","","","","","","","","","","","","","","","","","","","","","","","","","","","","","35.9","","","","","34.8","","","","","34","","","","","33","","","32","32","31.8","","","",
"Arab World","ARB","Prevalence of current tobacco use (% of adults)","SH.PRV.SMOK","","","","","","","","","","","","","","","","","","","","","","","","","","","","","","","","","","","","","","","","","23.4298551805993","","","","","22.4968445430098","","","","","21.7424595692284","","","","","21.1259796702467","","","20.7045895208113","20.6900806817012","20.5715554111631","","","",
"United Arab Emirates","ARE","Prevalence of current tobacco use (% of adults)","SH.PRV.SMOK","","","","","","","","","","","","","","","","","","","","","","","","","","","","","","","","","","","","","","","","","","","","","","","","","","","","","","","","","","","","","","","","",
"Argentina","ARG","Prevalence of current tobacco use (% of adults)","SH.PRV.SMOK","","","","","","","","","","","","","","","","","","","","","","","","","","","","","","","","","","","","","","","","","34","","","","","31.5","","","","","28.9","","","","","26.6","","","24.9","24.9","24.5","","","",
"Armenia","ARM","Prevalence of current tobacco use (% of adults)","SH.PRV.SMOK","","","","","","","","","","","","","","","","","","","","","","","","","","","","","","","","","","","","","","","","","32","","","","","30.3","","","","","28.6","","","","","26.9","","","25.8","25.8","25.5","","","",
"American Samoa","ASM","Prevalence of current tobacco use (% of adults)","SH.PRV.SMOK","","","","","","","","","","","","","","","","","","","","","","","","","","","","","","","","","","","","","","","","","","","","","","","","","","","","","","","","","","","","","","","","",
"Antigua and Barbuda","ATG","Prevalence of current tobacco use (% of adults)","SH.PRV.SMOK","","","","","","","","","","","","","","","","","","","","","","","","","","","","","","","","","","","","","","","","","","","","","","","","","","","","","","","","","","","","","","","","",
"Australia","AUS","Prevalence of current tobacco use (% of adults)","SH.PRV.SMOK","","","","","","","","","","","","","","","","","","","","","","","","","","","","","","","","","","","","","","","","","24.4","","","","","21.1","","","","","18.2","","","","","15.7","","","14","14","13.6","","","",
"Austria","AUT","Prevalence of current tobacco use (% of adults)","SH.PRV.SMOK","","","","","","","","","","","","","","","","","","","","","","","","","","","","","","","","","","","","","","","","","52.3","","","","","43.8","","","","","37.1","","","","","31.2","","","27.1","27.1","26.4","","","",
"Azerbaijan","AZE","Prevalence of current tobacco use (% of adults)","SH.PRV.SMOK","","","","","","","","","","","","","","","","","","","","","","","","","","","","","","","","","","","","","","","","","28.7","","","","","27.6","","","","","26.2","","","","","25.2","","","24.2","24.2","24","","","",
"Burundi","BDI","Prevalence of current tobacco use (% of adults)","SH.PRV.SMOK","","","","","","","","","","","","","","","","","","","","","","","","","","","","","","","","","","","","","","","","","24","","","","","19.8","","","","","16.6","","","","","13.9","","","12.2","12.2","11.8","","","",
"Belgium","BEL","Prevalence of current tobacco use (% of adults)","SH.PRV.SMOK","","","","","","","","","","","","","","","","","","","","","","","","","","","","","","","","","","","","","","","","","33.4","","","","","30.5","","","","","28","","","","","25.7","","","23.9","23.9","23.4","","","",
"Benin","BEN","Prevalence of current tobacco use (% of adults)","SH.PRV.SMOK","","","","","","","","","","","","","","","","","","","","","","","","","","","","","","","","","","","","","","","","","16.7","","","","","13.4","","","","","10.7","","","","","8.6","","","7.2","7.2","6.9","","","",
"Burkina Faso","BFA","Prevalence of current tobacco use (% of adults)","SH.PRV.SMOK","","","","","","","","","","","","","","","","","","","","","","","","","","","","","","","","","","","","","","","","","29.8","","","","","24.7","","","","","20.5","","","","","17","","","14.9","14.9","14.3","","","",
"Bangladesh","BGD","Prevalence of current tobacco use (% of adults)","SH.PRV.SMOK","","","","","","","","","","","","","","","","","","","","","","","","","","","","","","","","","","","","","","","","","57.6","","","","","50.3","","","","","44","","","","","38.9","","","35.2","35.2","34.7","","","",
"Bulgaria","BGR","Prevalence of current tobacco use (% of adults)","SH.PRV.SMOK","","","","","","","","","","","","","","","","","","","","","","","","","","","","","","","","","","","","","","","","","47.5","","","","","45","","","","","42.9","","","","","40.7","","","39.4","39.4","39","","","",
"Bahrain","BHR","Prevalence of current tobacco use (% of adults)","SH.PRV.SMOK","","","","","","","","","","","","","","","","","","","","","","","","","","","","","","","","","","","","","","","","","22.2","","","","","20","","","","","18.1","","","","","16.4","","","15.2","15.2","14.9","","","",
"Bahamas, The","BHS","Prevalence of current tobacco use (% of adults)","SH.PRV.SMOK","","","","","","","","","","","","","","","","","","","","","","","","","","","","","","","","","","","","","","","","","10.7","","","","","10.7","","","","","10.7","","","","","10.6","","","10.7","10.7","10.6","","","",
"Bosnia and Herzegovina","BIH","Prevalence of current tobacco use (% of adults)","SH.PRV.SMOK","","","","","","","","","","","","","","","","","","","","","","","","","","","","","","","","","","","","","","","","","46.6","","","","","43.4","","","","","40.3","","","","","37.7","","","35.5","35.5","35","","","",
"Belarus","BLR","Prevalence of current tobacco use (% of adults)","SH.PRV.SMOK","","","","","","","","","","","","","","","","","","","","","","","","","","","","","","","","","","","","","","","","","41.8","","","","","38.8","","","","","35.8","","","","","33","","","30.9","30.9","30.5","","","",
"Belize","BLZ","Prevalence of current tobacco use (% of adults)","SH.PRV.SMOK","","","","","","","","","","","","","","","","","","","","","","","","","","","","","","","","","","","","","","","","","15","","","","","13","","","","","11.3","","","","","9.7","","","8.8","8.8","8.5","","","",
"Bermuda","BMU","Prevalence of current tobacco use (% of adults)","SH.PRV.SMOK","","","","","","","","","","","","","","","","","","","","","","","","","","","","","","","","","","","","","","","","","","","","","","","","","","","","","","","","","","","","","","","","",
"Bolivia","BOL","Prevalence of current tobacco use (% of adults)","SH.PRV.SMOK","","","","","","","","","","","","","","","","","","","","","","","","","","","","","","","","","","","","","","","","","32.1","","","","","24.9","","","","","19.5","","","","","15.6","","","13.2","13.2","12.7","","","",
"Brazil","BRA","Prevalence of current tobacco use (% of adults)","SH.PRV.SMOK","","","","","","","","","","","","","","","","","","","","","","","","","","","","","","","","","","","","","","","","","23.8","","","","","20.4","","","","","17.4","","","","","14.9","","","13.2","13.2","12.8","","","",
"Barbados","BRB","Prevalence of current tobacco use (% of adults)","SH.PRV.SMOK","","","","","","","","","","","","","","","","","","","","","","","","","","","","","","","","","","","","","","","","","10.2","","","","","9.7","","","","","9.2","","","","","8.8","","","8.5","8.5","8.5","","","",
"Brunei Darussalam","BRN","Prevalence of current tobacco use (% of adults)","SH.PRV.SMOK","","","","","","","","","","","","","","","","","","","","","","","","","","","","","","","","","","","","","","","","","16.7","","","","","16.5","","","","","16.4","","","","","16.3","","","16.2","16.2","16.2","","","",
"Bhutan","BTN","Prevalence of current tobacco use (% of adults)","SH.PRV.SMOK","","","","","","","","","","","","","","","","","","","","","","","","","","","","","","","","","","","","","","","","","","","","","","","","","","","","","","","","","","","","","","","","",
"Botswana","BWA","Prevalence of current tobacco use (% of adults)","SH.PRV.SMOK","","","","","","","","","","","","","","","","","","","","","","","","","","","","","","","","","","","","","","","","","33.2","","","","","28.5","","","","","24.8","","","","","21.7","","","19.8","19.8","19.4","","","",
"Central African Republic","CAF","Prevalence of current tobacco use (% of adults)","SH.PRV.SMOK","","","","","","","","","","","","","","","","","","","","","","","","","","","","","","","","","","","","","","","","","","","","","","","","","","","","","","","","","","","","","","","","",
"Canada","CAN","Prevalence of current tobacco use (% of adults)","SH.PRV.SMOK","","","","","","","","","","","","","","","","","","","","","","","","","","","","","","","","","","","","","","","","","28.4","","","","","23.3","","","","","19.3","","","","","15.8","","","13.6","13.6","13","","","",
"Central Europe and the Baltics","CEB","Prevalence of current tobacco use (% of adults)","SH.PRV.SMOK","","","","","","","","","","","","","","","","","","","","","","","","","","","","","","","","","","","","","","","","","37.90605913603","","","","","35.2854167359844","","","","","32.8246189185394","","","","","30.6136807659237","","","29.0895865619491","29.083998713985","28.6392860841395","","","",
"Switzerland","CHE","Prevalence of current tobacco use (% of adults)","SH.PRV.SMOK","","","","","","","","","","","","","","","","","","","","","","","","","","","","","","","","","","","","","","","","","28.3","","","","","27.7","","","","","26.9","","","","","26.2","","","25.7","25.7","25.5","","","",
"Channel Islands","CHI","Prevalence of current tobacco use (% of adults)","SH.PRV.SMOK","","","","","","","","","","","","","","","","","","","","","","","","","","","","","","","","","","","","","","","","","","","","","","","","","","","","","","","","","","","","","","","","",
"Chile","CHL","Prevalence of current tobacco use (% of adults)","SH.PRV.SMOK","","","","","","","","","","","","","","","","","","","","","","","","","","","","","","","","","","","","","","","","","46.9","","","","","41.7","","","","","37.1","","","","","32.9","","","29.9","29.9","29.2","","","",
"China","CHN","Prevalence of current tobacco use (% of adults)","SH.PRV.SMOK","","","","","","","","","","","","","","","","","","","","","","","","","","","","","","","","","","","","","","","","","26.7","","","","","26.6","","","","","26.2","","","","","25.9","","","25.7","25.7","25.6","","","",
"Cote d'Ivoire","CIV","Prevalence of current tobacco use (% of adults)","SH.PRV.SMOK","","","","","","","","","","","","","","","","","","","","","","","","","","","","","","","","","","","","","","","","","18.7","","","","","15.8","","","","","13.2","","","","","11.1","","","9.7","9.7","9.4","","","",
"Cameroon","CMR","Prevalence of current tobacco use (% of adults)","SH.PRV.SMOK","","","","","","","","","","","","","","","","","","","","","","","","","","","","","","","","","","","","","","","","","12.8","","","","","11.2","","","","","9.7","","","","","8.4","","","7.5","7.5","7.3","","","",
"Congo, Dem. Rep.","COD","Prevalence of current tobacco use (% of adults)","SH.PRV.SMOK","","","","","","","","","","","","","","","","","","","","","","","","","","","","","","","","","","","","","","","","","18.8","","","","","16.9","","","","","15.4","","","","","14","","","13","13","12.8","","","",
"Congo, Rep.","COG","Prevalence of current tobacco use (% of adults)","SH.PRV.SMOK","","","","","","","","","","","","","","","","","","","","","","","","","","","","","","","","","","","","","","","","","11.9","","","","","12.2","","","","","12.8","","","","","13.5","","","14.3","14.3","14.5","","","",
"Colombia","COL","Prevalence of current tobacco use (% of adults)","SH.PRV.SMOK","","","","","","","","","","","","","","","","","","","","","","","","","","","","","","","","","","","","","","","","","15.1","","","","","13.2","","","","","11.4","","","","","9.9","","","8.8","8.8","8.5","","","",
"Comoros","COM","Prevalence of current tobacco use (% of adults)","SH.PRV.SMOK","","","","","","","","","","","","","","","","","","","","","","","","","","","","","","","","","","","","","","","","","39.5","","","","","32.8","","","","","27.7","","","","","23.5","","","20.8","20.8","20.3","","","",
"Cabo Verde","CPV","Prevalence of current tobacco use (% of adults)","SH.PRV.SMOK","","","","","","","","","","","","","","","","","","","","","","","","","","","","","","","","","","","","","","","","","20.6","","","","","17.8","","","","","15.2","","","","","13.1","","","11.7","11.7","11.4","","","",
"Costa Rica","CRI","Prevalence of current tobacco use (% of adults)","SH.PRV.SMOK","","","","","","","","","","","","","","","","","","","","","","","","","","","","","","","","","","","","","","","","","18","","","","","15","","","","","12.6","","","","","10.5","","","9.1","9.1","8.8","","","",
"Caribbean small states","CSS","Prevalence of current tobacco use (% of adults)","SH.PRV.SMOK","","","","","","","","","","","","","","","","","","","","","","","","","","","","","","","","","","","","","","","","","","","","","","","","","","","","","","","","","","","","","","","","",
"Cuba","CUB","Prevalence of current tobacco use (% of adults)","SH.PRV.SMOK","","","","","","","","","","","","","","","","","","","","","","","","","","","","","","","","","","","","","","","","","40.8","","","","","33.2","","","","","27","","","","","22","","","18.7","18.7","17.9","","","",
"Curacao","CUW","Prevalence of current tobacco use (% of adults)","SH.PRV.SMOK","","","","","","","","","","","","","","","","","","","","","","","","","","","","","","","","","","","","","","","","","","","","","","","","","","","","","","","","","","","","","","","","",
"Cayman Islands","CYM","Prevalence of current tobacco use (% of adults)","SH.PRV.SMOK","","","","","","","","","","","","","","","","","","","","","","","","","","","","","","","","","","","","","","","","","","","","","","","","","","","","","","","","","","","","","","","","",
"Cyprus","CYP","Prevalence of current tobacco use (% of adults)","SH.PRV.SMOK","","","","","","","","","","","","","","","","","","","","","","","","","","","","","","","","","","","","","","","","","40.9","","","","","39.2","","","","","37.7","","","","","36.4","","","35.5","35.5","35.1","","","",
"Czechia","CZE","Prevalence of current tobacco use (% of adults)","SH.PRV.SMOK","","","","","","","","","","","","","","","","","","","","","","","","","","","","","","","","","","","","","","","","","34.2","","","","","33.4","","","","","32.3","","","","","31.4","","","30.9","30.9","30.7","","","",
"Germany","DEU","Prevalence of current tobacco use (% of adults)","SH.PRV.SMOK","","","","","","","","","","","","","","","","","","","","","","","","","","","","","","","","","","","","","","","","","36.4","","","","","32.1","","","","","28.3","","","","","24.9","","","22.5","22.5","22","","","",
"Djibouti","DJI","Prevalence of current tobacco use (% of adults)","SH.PRV.SMOK","","","","","","","","","","","","","","","","","","","","","","","","","","","","","","","","","","","","","","","","","","","","","","","","","","","","","","","","","","","","","","","","",
"Dominica","DMA","Prevalence of current tobacco use (% of adults)","SH.PRV.SMOK","","","","","","","","","","","","","","","","","","","","","","","","","","","","","","","","","","","","","","","","","","","","","","","","","","","","","","","","","","","","","","","","",
"Denmark","DNK","Prevalence of current tobacco use (% of adults)","SH.PRV.SMOK","","","","","","","","","","","","","","","","","","","","","","","","","","","","","","","","","","","","","","","","","37.3","","","","","30.8","","","","","25.5","","","","","21.1","","","18.1","18.1","17.5","","","",
"Dominican Republic","DOM","Prevalence of current tobacco use (% of adults)","SH.PRV.SMOK","","","","","","","","","","","","","","","","","","","","","","","","","","","","","","","","","","","","","","","","","18.7","","","","","16.1","","","","","13.9","","","","","12.2","","","10.9","10.9","10.6","","","",
"Algeria","DZA","Prevalence of current tobacco use (% of adults)","SH.PRV.SMOK","","","","","","","","","","","","","","","","","","","","","","","","","","","","","","","","","","","","","","","","","22.2","","","","","21.8","","","","","21.5","","","","","21.1","","","21","21","21","","","",
"East Asia & Pacific (excluding high income)","EAP","Prevalence of current tobacco use (% of adults)","SH.PRV.SMOK","","","","","","","","","","","","","","","","","","","","","","","","","","","","","","","","","","","","","","","","","29.5066479328326","","","","","28.9211578355386","","","","","28.2047018216146","","","","","27.6042083875234","","","27.1930258858729","27.2012118185239","27.097304997281","","","",
"Early-demographic dividend","EAR","Prevalence of current tobacco use (% of adults)","SH.PRV.SMOK","","","","","","","","","","","","","","","","","","","","","","","","","","","","","","","","","","","","","","","","","42.6055706720066","","","","","36.8915397625816","","","","","32.1198311936505","","","","","28.2957648716301","","","25.666885976875","25.6490629484188","25.0961773818306","","","",
"East Asia & Pacific","EAS","Prevalence of current tobacco use (% of adults)","SH.PRV.SMOK","","","","","","","","","","","","","","","","","","","","","","","","","","","","","","","","","","","","","","","","","29.8358995681482","","","","","28.8804136237544","","","","","27.8700088507989","","","","","27.0276255722124","","","26.44502350366","26.453406067219","26.3180403800643","","","",
"Europe & Central Asia (excluding high income)","ECA","Prevalence of current tobacco use (% of adults)","SH.PRV.SMOK","","","","","","","","","","","","","","","","","","","","","","","","","","","","","","","","","","","","","","","","","34.0858695420415","","","","","31.828444753962","","","","","29.8159014504204","","","","","28.0770201843766","","","26.9146035230795","26.9063185237816","26.578366257991","","","",
"Europe & Central Asia","ECS","Prevalence of current tobacco use (% of adults)","SH.PRV.SMOK","","","","","","","","","","","","","","","","","","","","","","","","","","","","","","","","","","","","","","","","","35.0196855466468","","","","","32.1644175376991","","","","","29.7134658706926","","","","","27.5460851507569","","","26.0333318303706","26.0301652143349","25.6390842991416","","","",
"Ecuador","ECU","Prevalence of current tobacco use (% of adults)","SH.PRV.SMOK","","","","","","","","","","","","","","","","","","","","","","","","","","","","","","","","","","","","","","","","","18.4","","","","","16.2","","","","","14.5","","","","","12.8","","","11.6","11.6","11.3","","","",
"Egypt, Arab Rep.","EGY","Prevalence of current tobacco use (% of adults)","SH.PRV.SMOK","","","","","","","","","","","","","","","","","","","","","","","","","","","","","","","","","","","","","","","","","24.3","","","","","24.1","","","","","24.3","","","","","24.3","","","24.4","24.4","24.3","","","",
"Euro area","EMU","Prevalence of current tobacco use (% of adults)","SH.PRV.SMOK","","","","","","","","","","","","","","","","","","","","","","","","","","","","","","","","","","","","","","","","","34.6673445689347","","","","","32.2050867208614","","","","","29.9960074296953","","","","","28.0221926876453","","","26.6379674556834","26.6458286351315","26.2927661695608","","","",
"Eritrea","ERI","Prevalence of current tobacco use (% of adults)","SH.PRV.SMOK","","","","","","","","","","","","","","","","","","","","","","","","","","","","","","","","","","","","","","","","","13.3","","","","","11.5","","","","","10","","","","","8.7","","","7.7","7.7","7.5","","","",
"Spain","ESP","Prevalence of current tobacco use (% of adults)","SH.PRV.SMOK","","","","","","","","","","","","","","","","","","","","","","","","","","","","","","","","","","","","","","","","","36.8","","","","","34.3","","","","","31.9","","","","","29.7","","","28.1","28.1","27.7","","","",
"Estonia","EST","Prevalence of current tobacco use (% of adults)","SH.PRV.SMOK","","","","","","","","","","","","","","","","","","","","","","","","","","","","","","","","","","","","","","","","","46","","","","","41.6","","","","","37.2","","","","","33.3","","","30.5","30.5","29.7","","","",
"Ethiopia","ETH","Prevalence of current tobacco use (% of adults)","SH.PRV.SMOK","","","","","","","","","","","","","","","","","","","","","","","","","","","","","","","","","","","","","","","","","6.8","","","","","6.3","","","","","5.9","","","","","5.5","","","5.2","5.2","5.1","","","",
"European Union","EUU","Prevalence of current tobacco use (% of adults)","SH.PRV.SMOK","","","","","","","","","","","","","","","","","","","","","","","","","","","","","","","","","","","","","","","","","35.6293838504311","","","","","32.9341401927375","","","","","30.5038124549451","","","","","28.3398696088737","","","26.8262423225201","26.8297324612283","26.4317603211118","","","",
"Fragile and conflict affected situations","FCS","Prevalence of current tobacco use (% of adults)","SH.PRV.SMOK","","","","","","","","","","","","","","","","","","","","","","","","","","","","","","","","","","","","","","","","","24.4244301670001","","","","","21.3150807894717","","","","","18.5783300764084","","","","","16.2685184637702","","","14.6921290233201","14.6009083873472","14.1984787804576","","","",
"Finland","FIN","Prevalence of current tobacco use (% of adults)","SH.PRV.SMOK","","","","","","","","","","","","","","","","","","","","","","","","","","","","","","","","","","","","","","","","","35.7","","","","","31.4","","","","","27.8","","","","","24.5","","","22.2","22.2","21.6","","","",
"Fiji","FJI","Prevalence of current tobacco use (% of adults)","SH.PRV.SMOK","","","","","","","","","","","","","","","","","","","","","","","","","","","","","","","","","","","","","","","","","32.3","","","","","29.7","","","","","27.4","","","","","25.1","","","23.4","23.4","23.1","","","",
"France","FRA","Prevalence of current tobacco use (% of adults)","SH.PRV.SMOK","","","","","","","","","","","","","","","","","","","","","","","","","","","","","","","","","","","","","","","","","34.2","","","","","34.1","","","","","33.8","","","","","33.7","","","33.6","33.6","33.4","","","",
"Faroe Islands","FRO","Prevalence of current tobacco use (% of adults)","SH.PRV.SMOK","","","","","","","","","","","","","","","","","","","","","","","","","","","","","","","","","","","","","","","","","","","","","","","","","","","","","","","","","","","","","","","","",
"Micronesia, Fed. Sts.","FSM","Prevalence of current tobacco use (% of adults)","SH.PRV.SMOK","","","","","","","","","","","","","","","","","","","","","","","","","","","","","","","","","","","","","","","","","","","","","","","","","","","","","","","","","","","","","","","","",
"Gabon","GAB","Prevalence of current tobacco use (% of adults)","SH.PRV.SMOK","","","","","","","","","","","","","","","","","","","","","","","","","","","","","","","","","","","","","","","","","","","","","","","","","","","","","","","","","","","","","","","","",
"United Kingdom","GBR","Prevalence of current tobacco use (% of adults)","SH.PRV.SMOK","","","","","","","","","","","","","","","","","","","","","","","","","","","","","","","","","","","","","","","","","37.9","","","","","30.1","","","","","24.1","","","","","19.3","","","16.1","16.1","15.4","","","",
"Georgia","GEO","Prevalence of current tobacco use (% of adults)","SH.PRV.SMOK","","","","","","","","","","","","","","","","","","","","","","","","","","","","","","","","","","","","","","","","","32.8","","","","","32.6","","","","","32.2","","","","","32","","","31.7","31.7","31.7","","","",
"Ghana","GHA","Prevalence of current tobacco use (% of adults)","SH.PRV.SMOK","","","","","","","","","","","","","","","","","","","","","","","","","","","","","","","","","","","","","","","","","7","","","","","5.9","","","","","4.9","","","","","4.2","","","3.6","3.6","3.5","","","",
"Gibraltar","GIB","Prevalence of current tobacco use (% of adults)","SH.PRV.SMOK","","","","","","","","","","","","","","","","","","","","","","","","","","","","","","","","","","","","","","","","","","","","","","","","","","","","","","","","","","","","","","","","",
"Guinea","GIN","Prevalence of current tobacco use (% of adults)","SH.PRV.SMOK","","","","","","","","","","","","","","","","","","","","","","","","","","","","","","","","","","","","","","","","","","","","","","","","","","","","","","","","","","","","","","","","",
"Gambia, The","GMB","Prevalence of current tobacco use (% of adults)","SH.PRV.SMOK","","","","","","","","","","","","","","","","","","","","","","","","","","","","","","","","","","","","","","","","","22.5","","","","","18.8","","","","","15.8","","","","","13.3","","","11.6","11.6","11.1","","","",
"Guinea-Bissau","GNB","Prevalence of current tobacco use (% of adults)","SH.PRV.SMOK","","","","","","","","","","","","","","","","","","","","","","","","","","","","","","","","","","","","","","","","","18","","","","","15","","","","","12.7","","","","","10.7","","","9.3","9.3","9","","","",
"Equatorial Guinea","GNQ","Prevalence of current tobacco use (% of adults)","SH.PRV.SMOK","","","","","","","","","","","","","","","","","","","","","","","","","","","","","","","","","","","","","","","","","","","","","","","","","","","","","","","","","","","","","","","","",
"Greece","GRC","Prevalence of current tobacco use (% of adults)","SH.PRV.SMOK","","","","","","","","","","","","","","","","","","","","","","","","","","","","","","","","","","","","","","","","","54.9","","","","","48.5","","","","","42.9","","","","","37.9","","","34.5","34.5","33.5","","","",
"Grenada","GRD","Prevalence of current tobacco use (% of adults)","SH.PRV.SMOK","","","","","","","","","","","","","","","","","","","","","","","","","","","","","","","","","","","","","","","","","","","","","","","","","","","","","","","","","","","","","","","","",
"Greenland","GRL","Prevalence of current tobacco use (% of adults)","SH.PRV.SMOK","","","","","","","","","","","","","","","","","","","","","","","","","","","","","","","","","","","","","","","","","","","","","","","","","","","","","","","","","","","","","","","","",
"Guatemala","GTM","Prevalence of current tobacco use (% of adults)","SH.PRV.SMOK","","","","","","","","","","","","","","","","","","","","","","","","","","","","","","","","","","","","","","","","","14.3","","","","","13.4","","","","","12.5","","","","","11.6","","","11","11","10.9","","","",
"Guam","GUM","Prevalence of current tobacco use (% of adults)","SH.PRV.SMOK","","","","","","","","","","","","","","","","","","","","","","","","","","","","","","","","","","","","","","","","","","","","","","","","","","","","","","","","","","","","","","","","",
"Guyana","GUY","Prevalence of current tobacco use (% of adults)","SH.PRV.SMOK","","","","","","","","","","","","","","","","","","","","","","","","","","","","","","","","","","","","","","","","","30.2","","","","","24.1","","","","","19.1","","","","","15.1","","","12.6","12.6","12.1","","","",
"High income","HIC","Prevalence of current tobacco use (% of adults)","SH.PRV.SMOK","","","","","","","","","","","","","","","","","","","","","","","","","","","","","","","","","","","","","","","","","33.979737453125","","","","","30.6871798734717","","","","","27.8228771273062","","","","","25.2229900094243","","","23.4155337868718","23.4014882320898","22.9903884534501","","","",
"Hong Kong SAR, China","HKG","Prevalence of current tobacco use (% of adults)","SH.PRV.SMOK","","","","","","","","","","","","","","","","","","","","","","","","","","","","","","","","","","","","","","","","","","","","","","","","","","","","","","","","","","","","","","","","",
"Honduras","HND","Prevalence of current tobacco use (% of adults)","SH.PRV.SMOK","","","","","","","","","","","","","","","","","","","","","","","","","","","","","","","","","","","","","","","","","","","","","","","","","","","","","","","","","","","","","","","","",
"Heavily indebted poor countries (HIPC)","HPC","Prevalence of current tobacco use (% of adults)","SH.PRV.SMOK","","","","","","","","","","","","","","","","","","","","","","","","","","","","","","","","","","","","","","","","","20.026552098029","","","","","16.8457200345279","","","","","14.2699381296199","","","","","12.2585484223674","","","10.8969458449469","10.8983830206752","10.5899352246556","","","",
"Croatia","HRV","Prevalence of current tobacco use (% of adults)","SH.PRV.SMOK","","","","","","","","","","","","","","","","","","","","","","","","","","","","","","","","","","","","","","","","","34.4","","","","","34.9","","","","","35.4","","","","","36.1","","","36.7","36.7","36.9","","","",
"Haiti","HTI","Prevalence of current tobacco use (% of adults)","SH.PRV.SMOK","","","","","","","","","","","","","","","","","","","","","","","","","","","","","","","","","","","","","","","","","12.3","","","","","10.9","","","","","9.7","","","","","8.6","","","7.9","7.9","7.7","","","",
"Hungary","HUN","Prevalence of current tobacco use (% of adults)","SH.PRV.SMOK","","","","","","","","","","","","","","","","","","","","","","","","","","","","","","","","","","","","","","","","","37.4","","","","","35.9","","","","","34.6","","","","","33.2","","","32.2","32.2","31.8","","","",
"IBRD only","IBD","Prevalence of current tobacco use (% of adults)","SH.PRV.SMOK","","","","","","","","","","","","","","","","","","","","","","","","","","","","","","","","","","","","","","","","","34.9404768613511","","","","","31.8153346827471","","","","","29.1052199494665","","","","","26.8404214222269","","","25.215237044926","25.2094168380948","24.828900428332","","","",
"IDA & IBRD total","IBT","Prevalence of current tobacco use (% of adults)","SH.PRV.SMOK","","","","","","","","","","","","","","","","","","","","","","","","","","","","","","","","","","","","","","","","","34.2948891748148","","","","","30.904777230475","","","","","27.9277830590823","","","","","25.4138389568643","","","23.6271026257742","23.5912049369805","23.1692568348587","","","",
"IDA total","IDA","Prevalence of current tobacco use (% of adults)","SH.PRV.SMOK","","","","","","","","","","","","","","","","","","","","","","","","","","","","","","","","","","","","","","","","","31.2511514776206","","","","","26.7937928170313","","","","","22.9027960326868","","","","","19.7049512461531","","","17.5378184656178","17.4784796957938","16.9993738631025","","","",
"IDA blend","IDB","Prevalence of current tobacco use (% of adults)","SH.PRV.SMOK","","","","","","","","","","","","","","","","","","","","","","","","","","","","","","","","","","","","","","","","","24.3623440067801","","","","","20.9301041174161","","","","","18.1073209777805","","","","","15.5211691446207","","","13.6608504109432","13.6346128477078","13.2226668014855","","","",
"Indonesia","IDN","Prevalence of current tobacco use (% of adults)","SH.PRV.SMOK","","","","","","","","","","","","","","","","","","","","","","","","","","","","","","","","","","","","","","","","","35.4","","","","","35.8","","","","","36.3","","","","","36.7","","","37.2","37.2","37.6","","","",
"IDA only","IDX","Prevalence of current tobacco use (% of adults)","SH.PRV.SMOK","","","","","","","","","","","","","","","","","","","","","","","","","","","","","","","","","","","","","","","","","35.1499335223141","","","","","30.1347064066345","","","","","25.6634159721151","","","","","22.0684226514359","","","19.692447030428","19.6077552759743","19.0857800868734","","","",
"Isle of Man","IMN","Prevalence of current tobacco use (% of adults)","SH.PRV.SMOK","","","","","","","","","","","","","","","","","","","","","","","","","","","","","","","","","","","","","","","","","","","","","","","","","","","","","","","","","","","","","","","","",
"India","IND","Prevalence of current tobacco use (% of adults)","SH.PRV.SMOK","","","","","","","","","","","","","","","","","","","","","","","","","","","","","","","","","","","","","","","","","54.5","","","","","45.5","","","","","38.1","","","","","32.2","","","28.1","28.1","27.2","","","",
"Not classified","INX","Prevalence of current tobacco use (% of adults)","SH.PRV.SMOK","","","","","","","","","","","","","","","","","","","","","","","","","","","","","","","","","","","","","","","","","","","","","","","","","","","","","","","","","","","","","","","","",
"Ireland","IRL","Prevalence of current tobacco use (% of adults)","SH.PRV.SMOK","","","","","","","","","","","","","","","","","","","","","","","","","","","","","","","","","","","","","","","","","35.6","","","","","31.2","","","","","27.1","","","","","23.8","","","21.4","21.4","20.8","","","",
"Iran, Islamic Rep.","IRN","Prevalence of current tobacco use (% of adults)","SH.PRV.SMOK","","","","","","","","","","","","","","","","","","","","","","","","","","","","","","","","","","","","","","","","","21.5","","","","","19","","","","","17","","","","","15.3","","","14","14","13.6","","","",
"Iraq","IRQ","Prevalence of current tobacco use (% of adults)","SH.PRV.SMOK","","","","","","","","","","","","","","","","","","","","","","","","","","","","","","","","","","","","","","","","","22","","","","","20.6","","","","","19.9","","","","","19.1","","","18.8","18.8","18.5","","","",
"Iceland","ISL","Prevalence of current tobacco use (% of adults)","SH.PRV.SMOK","","","","","","","","","","","","","","","","","","","","","","","","","","","","","","","","","","","","","","","","","30.2","","","","","24","","","","","19.1","","","","","15.2","","","12.6","12.6","12","","","",
"Israel","ISR","Prevalence of current tobacco use (% of adults)","SH.PRV.SMOK","","","","","","","","","","","","","","","","","","","","","","","","","","","","","","","","","","","","","","","","","31.7","","","","","28.6","","","","","25.9","","","","","23.4","","","21.6","21.6","21.2","","","",
"Italy","ITA","Prevalence of current tobacco use (% of adults)","SH.PRV.SMOK","","","","","","","","","","","","","","","","","","","","","","","","","","","","","","","","","","","","","","","","","26.2","","","","","25.3","","","","","24.5","","","","","23.8","","","23.3","23.3","23.1","","","",
"Jamaica","JAM","Prevalence of current tobacco use (% of adults)","SH.PRV.SMOK","","","","","","","","","","","","","","","","","","","","","","","","","","","","","","","","","","","","","","","","","17.4","","","","","14.9","","","","","12.8","","","","","11","","","9.7","9.7","9.4","","","",
"Jordan","JOR","Prevalence of current tobacco use (% of adults)","SH.PRV.SMOK","","","","","","","","","","","","","","","","","","","","","","","","","","","","","","","","","","","","","","","","","30.7","","","","","31.7","","","","","32.6","","","","","33.7","","","34.6","34.6","34.8","","","",
"Japan","JPN","Prevalence of current tobacco use (% of adults)","SH.PRV.SMOK","","","","","","","","","","","","","","","","","","","","","","","","","","","","","","","","","","","","","","","","","33.3","","","","","29.4","","","","","25.8","","","","","22.7","","","20.5","20.5","20.1","","","",
"Kazakhstan","KAZ","Prevalence of current tobacco use (% of adults)","SH.PRV.SMOK","","","","","","","","","","","","","","","","","","","","","","","","","","","","","","","","","","","","","","","","","34.2","","","","","30.9","","","","","28.1","","","","","25.4","","","23.5","23.5","23.2","","","",
"Kenya","KEN","Prevalence of current tobacco use (% of adults)","SH.PRV.SMOK","","","","","","","","","","","","","","","","","","","","","","","","","","","","","","","","","","","","","","","","","19.3","","","","","16.8","","","","","14.7","","","","","12.8","","","11.5","11.5","11.1","","","",
"Kyrgyz Republic","KGZ","Prevalence of current tobacco use (% of adults)","SH.PRV.SMOK","","","","","","","","","","","","","","","","","","","","","","","","","","","","","","","","","","","","","","","","","31.4","","","","","30.3","","","","","29.4","","","","","28.4","","","27.6","27.6","25.4","","","",
"Cambodia","KHM","Prevalence of current tobacco use (% of adults)","SH.PRV.SMOK","","","","","","","","","","","","","","","","","","","","","","","","","","","","","","","","","","","","","","","","","42.3","","","","","36","","","","","30.1","","","","","25.2","","","21.9","21.9","21.1","","","",
"Kiribati","KIR","Prevalence of current tobacco use (% of adults)","SH.PRV.SMOK","","","","","","","","","","","","","","","","","","","","","","","","","","","","","","","","","","","","","","","","","68.5","","","","","60.4","","","","","52.7","","","","","46.4","","","41.7","41.7","40.6","","","",
"St. Kitts and Nevis","KNA","Prevalence of current tobacco use (% of adults)","SH.PRV.SMOK","","","","","","","","","","","","","","","","","","","","","","","","","","","","","","","","","","","","","","","","","","","","","","","","","","","","","","","","","","","","","","","","",
"Korea, Rep.","KOR","Prevalence of current tobacco use (% of adults)","SH.PRV.SMOK","","","","","","","","","","","","","","","","","","","","","","","","","","","","","","","","","","","","","","","","","35","","","","","30.7","","","","","27","","","","","23.8","","","21.4","21.4","20.8","","","",
"Kuwait","KWT","Prevalence of current tobacco use (% of adults)","SH.PRV.SMOK","","","","","","","","","","","","","","","","","","","","","","","","","","","","","","","","","","","","","","","","","20","","","","","19.5","","","","","18.9","","","","","18.3","","","17.9","17.9","17.9","","","",
"Latin America & Caribbean (excluding high income)","LAC","Prevalence of current tobacco use (% of adults)","SH.PRV.SMOK","","","","","","","","","","","","","","","","","","","","","","","","","","","","","","","","","","","","","","","","","24.3596037903359","","","","","20.6789472758801","","","","","17.5690204090603","","","","","15.029981969384","","","13.2949260419463","13.2846349406034","12.9022773487848","","","",
"Lao PDR","LAO","Prevalence of current tobacco use (% of adults)","SH.PRV.SMOK","","","","","","","","","","","","","","","","","","","","","","","","","","","","","","","","","","","","","","","","","52.5","","","","","46.2","","","","","40.5","","","","","35.8","","","32.5","32.5","31.8","","","",
"Lebanon","LBN","Prevalence of current tobacco use (% of adults)","SH.PRV.SMOK","","","","","","","","","","","","","","","","","","","","","","","","","","","","","","","","","","","","","","","","","40.2","","","","","39.7","","","","","39.1","","","","","38.7","","","38.4","38.4","38.2","","","",
"Liberia","LBR","Prevalence of current tobacco use (% of adults)","SH.PRV.SMOK","","","","","","","","","","","","","","","","","","","","","","","","","","","","","","","","","","","","","","","","","16.3","","","","","13.6","","","","","11.5","","","","","9.6","","","8.4","8.4","8.2","","","",
"Libya","LBY","Prevalence of current tobacco use (% of adults)","SH.PRV.SMOK","","","","","","","","","","","","","","","","","","","","","","","","","","","","","","","","","","","","","","","","","","","","","","","","","","","","","","","","","","","","","","","","",
"St. Lucia","LCA","Prevalence of current tobacco use (% of adults)","SH.PRV.SMOK","","","","","","","","","","","","","","","","","","","","","","","","","","","","","","","","","","","","","","","","","","","","","","","","","","","","","","","","","","","","","","","","",
"Latin America & Caribbean","LCN","Prevalence of current tobacco use (% of adults)","SH.PRV.SMOK","","","","","","","","","","","","","","","","","","","","","","","","","","","","","","","","","","","","","","","","","25.1426266196585","","","","","21.398694625091","","","","","18.2323462450612","","","","","15.6262609839963","","","13.8533909786762","13.8462400457612","13.4539696626","","","",
"Least developed countries: UN classification","LDC","Prevalence of current tobacco use (% of adults)","SH.PRV.SMOK","","","","","","","","","","","","","","","","","","","","","","","","","","","","","","","","","","","","","","","","","36.8912385359737","","","","","31.531104744496","","","","","26.7654940817314","","","","","22.9234382222973","","","20.4068647432013","20.3152040117094","19.7799939538389","","","",
"Low income","LIC","Prevalence of current tobacco use (% of adults)","SH.PRV.SMOK","","","","","","","","","","","","","","","","","","","","","","","","","","","","","","","","","","","","","","","","","21.7964632281722","","","","","18.8193057805709","","","","","16.3046624462704","","","","","14.2322965578115","","","12.8095745041766","12.7951159115175","12.4639443580925","","","",
"Liechtenstein","LIE","Prevalence of current tobacco use (% of adults)","SH.PRV.SMOK","","","","","","","","","","","","","","","","","","","","","","","","","","","","","","","","","","","","","","","","","","","","","","","","","","","","","","","","","","","","","","","","",
"Sri Lanka","LKA","Prevalence of current tobacco use (% of adults)","SH.PRV.SMOK","","","","","","","","","","","","","","","","","","","","","","","","","","","","","","","","","","","","","","","","","28.5","","","","","26.5","","","","","24.8","","","","","23.3","","","22.3","22.3","22","","","",
"Lower middle income","LMC","Prevalence of current tobacco use (% of adults)","SH.PRV.SMOK","","","","","","","","","","","","","","","","","","","","","","","","","","","","","","","","","","","","","","","","","44.5341121714823","","","","","37.8355185313929","","","","","32.2438311868237","","","","","27.7535463376874","","","24.630381783533","24.5996466275587","23.9004154276494","","","",
"Low & middle income","LMY","Prevalence of current tobacco use (% of adults)","SH.PRV.SMOK","","","","","","","","","","","","","","","","","","","","","","","","","","","","","","","","","","","","","","","","","34.2047137354016","","","","","30.7665710856028","","","","","27.7516363534934","","","","","25.2228404954637","","","23.4302394262576","23.3958515515508","22.975259786747","","","",
"Lesotho","LSO","Prevalence of current tobacco use (% of adults)","SH.PRV.SMOK","","","","","","","","","","","","","","","","","","","","","","","","","","","","","","","","","","","","","","","","","31.1","","","","","28.9","","","","","27.2","","","","","25.6","","","24.4","24.4","24.3","","","",
"Late-demographic dividend","LTE","Prevalence of current tobacco use (% of adults)","SH.PRV.SMOK","","","","","","","","","","","","","","","","","","","","","","","","","","","","","","","","","","","","","","","","","27.8561336880243","","","","","26.7641433532978","","","","","25.6036372850074","","","","","24.59617060595","","","23.8764247413782","23.8597863232342","23.6468787455767","","","",
"Lithuania","LTU","Prevalence of current tobacco use (% of adults)","SH.PRV.SMOK","","","","","","","","","","","","","","","","","","","","","","","","","","","","","","","","","","","","","","","","","41.4","","","","","38.9","","","","","36.4","","","","","34","","","32.3","32.3","32","","","",
"Luxembourg","LUX","Prevalence of current tobacco use (% of adults)","SH.PRV.SMOK","","","","","","","","","","","","","","","","","","","","","","","","","","","","","","","","","","","","","","","","","31","","","","","28.2","","","","","25.6","","","","","23.2","","","21.6","21.6","21.1","","","",
"Latvia","LVA","Prevalence of current tobacco use (% of adults)","SH.PRV.SMOK","","","","","","","","","","","","","","","","","","","","","","","","","","","","","","","","","","","","","","","","","43.8","","","","","41.9","","","","","40.1","","","","","38.5","","","37.2","37.2","37","","","",
"Macao SAR, China","MAC","Prevalence of current tobacco use (% of adults)","SH.PRV.SMOK","","","","","","","","","","","","","","","","","","","","","","","","","","","","","","","","","","","","","","","","","","","","","","","","","","","","","","","","","","","","","","","","",
"St. Martin (French part)","MAF","Prevalence of current tobacco use (% of adults)","SH.PRV.SMOK","","","","","","","","","","","","","","","","","","","","","","","","","","","","","","","","","","","","","","","","","","","","","","","","","","","","","","","","","","","","","","","","",
"Morocco","MAR","Prevalence of current tobacco use (% of adults)","SH.PRV.SMOK","","","","","","","","","","","","","","","","","","","","","","","","","","","","","","","","","","","","","","","","","22.5","","","","","20.1","","","","","18.1","","","","","16.2","","","14.9","14.9","14.5","","","",
"Monaco","MCO","Prevalence of current tobacco use (% of adults)","SH.PRV.SMOK","","","","","","","","","","","","","","","","","","","","","","","","","","","","","","","","","","","","","","","","","","","","","","","","","","","","","","","","","","","","","","","","",
"Moldova","MDA","Prevalence of current tobacco use (% of adults)","SH.PRV.SMOK","","","","","","","","","","","","","","","","","","","","","","","","","","","","","","","","","","","","","","","","","25.3","","","","","26","","","","","26.9","","","","","27.9","","","28.7","28.7","29","","","",
"Madagascar","MDG","Prevalence of current tobacco use (% of adults)","SH.PRV.SMOK","","","","","","","","","","","","","","","","","","","","","","","","","","","","","","","","","","","","","","","","","46.7","","","","","40.7","","","","","35.4","","","","","31.3","","","28.4","28.4","27.8","","","",
"Maldives","MDV","Prevalence of current tobacco use (% of adults)","SH.PRV.SMOK","","","","","","","","","","","","","","","","","","","","","","","","","","","","","","","","","","","","","","","","","38.3","","","","","34.1","","","","","30.6","","","","","27.6","","","25.9","25.9","25.2","","","",
"Middle East & North Africa","MEA","Prevalence of current tobacco use (% of adults)","SH.PRV.SMOK","","","","","","","","","","","","","","","","","","","","","","","","","","","","","","","","","","","","","","","","","23.1873831753003","","","","","21.8329523485627","","","","","20.7668207660302","","","","","19.9400125207282","","","19.334189783663","19.3337925200396","19.158235423633","","","",
"Mexico","MEX","Prevalence of current tobacco use (% of adults)","SH.PRV.SMOK","","","","","","","","","","","","","","","","","","","","","","","","","","","","","","","","","","","","","","","","","24","","","","","20.6","","","","","17.7","","","","","15.2","","","13.4","13.4","13.1","","","",
"Marshall Islands","MHL","Prevalence of current tobacco use (% of adults)","SH.PRV.SMOK","","","","","","","","","","","","","","","","","","","","","","","","","","","","","","","","","","","","","","","","","28.5","","","","","28.4","","","","","28.4","","","","","28.4","","","28.4","28.4","28.5","","","",
"Middle income","MIC","Prevalence of current tobacco use (% of adults)","SH.PRV.SMOK","","","","","","","","","","","","","","","","","","","","","","","","","","","","","","","","","","","","","","","","","34.9262619209797","","","","","31.4956143788673","","","","","28.5009949980952","","","","","26.0084492998569","","","24.2321382960217","24.2109772106785","23.7987511921266","","","",
"North Macedonia","MKD","Prevalence of current tobacco use (% of adults)","SH.PRV.SMOK","","","","","","","","","","","","","","","","","","","","","","","","","","","","","","","","","","","","","","","","","","","","","","","","","","","","","","","","","","","","","","","","",
"Mali","MLI","Prevalence of current tobacco use (% of adults)","SH.PRV.SMOK","","","","","","","","","","","","","","","","","","","","","","","","","","","","","","","","","","","","","","","","","16.3","","","","","13.8","","","","","11.6","","","","","9.9","","","8.6","8.6","8.3","","","",
"Malta","MLT","Prevalence of current tobacco use (% of adults)","SH.PRV.SMOK","","","","","","","","","","","","","","","","","","","","","","","","","","","","","","","","","","","","","","","","","34.3","","","","","31.4","","","","","28.6","","","","","26.3","","","24.5","24.5","24","","","",
"Myanmar","MMR","Prevalence of current tobacco use (% of adults)","SH.PRV.SMOK","","","","","","","","","","","","","","","","","","","","","","","","","","","","","","","","","","","","","","","","","66.9","","","","","60.6","","","","","54.6","","","","","48.8","","","45.1","45.1","44.1","","","",
"Middle East & North Africa (excluding high income)","MNA","Prevalence of current tobacco use (% of adults)","SH.PRV.SMOK","","","","","","","","","","","","","","","","","","","","","","","","","","","","","","","","","","","","","","","","","23.8861878354669","","","","","22.4672309902963","","","","","21.4731705957657","","","","","20.6808707294848","","","20.0615944875067","20.0609533825548","19.8398278721757","","","",
"Montenegro","MNE","Prevalence of current tobacco use (% of adults)","SH.PRV.SMOK","","","","","","","","","","","","","","","","","","","","","","","","","","","","","","","","","","","","","","","","","38.7","","","","","36.7","","","","","34.9","","","","","33.1","","","31.8","31.8","31.4","","","",
"Mongolia","MNG","Prevalence of current tobacco use (% of adults)","SH.PRV.SMOK","","","","","","","","","","","","","","","","","","","","","","","","","","","","","","","","","","","","","","","","","34.1","","","","","32.9","","","","","31.6","","","","","30.6","","","29.6","29.6","29.4","","","",
"Northern Mariana Islands","MNP","Prevalence of current tobacco use (% of adults)","SH.PRV.SMOK","","","","","","","","","","","","","","","","","","","","","","","","","","","","","","","","","","","","","","","","","","","","","","","","","","","","","","","","","","","","","","","","",
"Mozambique","MOZ","Prevalence of current tobacco use (% of adults)","SH.PRV.SMOK","","","","","","","","","","","","","","","","","","","","","","","","","","","","","","","","","","","","","","","","","29.4","","","","","24.5","","","","","20.5","","","","","17","","","14.8","14.8","14.3","","","",
"Mauritania","MRT","Prevalence of current tobacco use (% of adults)","SH.PRV.SMOK","","","","","","","","","","","","","","","","","","","","","","","","","","","","","","","","","","","","","","","","","21.3","","","","","17.9","","","","","15.1","","","","","12.6","","","11.1","11.1","10.7","","","",
"Mauritius","MUS","Prevalence of current tobacco use (% of adults)","SH.PRV.SMOK","","","","","","","","","","","","","","","","","","","","","","","","","","","","","","","","","","","","","","","","","25.5","","","","","24.1","","","","","22.7","","","","","21.4","","","20.5","20.5","20.2","","","",
"Malawi","MWI","Prevalence of current tobacco use (% of adults)","SH.PRV.SMOK","","","","","","","","","","","","","","","","","","","","","","","","","","","","","","","","","","","","","","","","","24.1","","","","","19.5","","","","","16","","","","","13.1","","","11.3","11.3","10.8","","","",
"Malaysia","MYS","Prevalence of current tobacco use (% of adults)","SH.PRV.SMOK","","","","","","","","","","","","","","","","","","","","","","","","","","","","","","","","","","","","","","","","","29.5","","","","","27.5","","","","","25.6","","","","","23.9","","","22.8","22.8","22.5","","","",
"North America","NAC","Prevalence of current tobacco use (% of adults)","SH.PRV.SMOK","","","","","","","","","","","","","","","","","","","","","","","","","","","","","","","","","","","","","","","","","33.25672979688","","","","","29.8581311998986","","","","","27.1063631660631","","","","","24.3160445504745","","","22.3705293539267","22.3620872063174","21.9411214143501","","","",
"Namibia","NAM","Prevalence of current tobacco use (% of adults)","SH.PRV.SMOK","","","","","","","","","","","","","","","","","","","","","","","","","","","","","","","","","","","","","","","","","25.6","","","","","22.3","","","","","19.5","","","","","17.1","","","15.5","15.5","15.1","","","",
"New Caledonia","NCL","Prevalence of current tobacco use (% of adults)","SH.PRV.SMOK","","","","","","","","","","","","","","","","","","","","","","","","","","","","","","","","","","","","","","","","","","","","","","","","","","","","","","","","","","","","","","","","",
"Niger","NER","Prevalence of current tobacco use (% of adults)","SH.PRV.SMOK","","","","","","","","","","","","","","","","","","","","","","","","","","","","","","","","","","","","","","","","","9.7","","","","","9","","","","","8.4","","","","","7.9","","","7.6","7.6","7.4","","","",
"Nigeria","NGA","Prevalence of current tobacco use (% of adults)","SH.PRV.SMOK","","","","","","","","","","","","","","","","","","","","","","","","","","","","","","","","","","","","","","","","","9.3","","","","","7.4","","","","","5.9","","","","","4.7","","","3.9","3.9","3.7","","","",
"Nicaragua","NIC","Prevalence of current tobacco use (% of adults)","SH.PRV.SMOK","","","","","","","","","","","","","","","","","","","","","","","","","","","","","","","","","","","","","","","","","","","","","","","","","","","","","","","","","","","","","","","","",
"Netherlands","NLD","Prevalence of current tobacco use (% of adults)","SH.PRV.SMOK","","","","","","","","","","","","","","","","","","","","","","","","","","","","","","","","","","","","","","","","","34.3","","","","","30.6","","","","","27.5","","","","","24.6","","","22.6","22.6","22.2","","","",
"Norway","NOR","Prevalence of current tobacco use (% of adults)","SH.PRV.SMOK","","","","","","","","","","","","","","","","","","","","","","","","","","","","","","","","","","","","","","","","","44","","","","","34.3","","","","","26.7","","","","","20.7","","","17.1","17.1","16.2","","","",
"Nepal","NPL","Prevalence of current tobacco use (% of adults)","SH.PRV.SMOK","","","","","","","","","","","","","","","","","","","","","","","","","","","","","","","","","","","","","","","","","64.5","","","","","53.5","","","","","43.6","","","","","36","","","31.5","31.5","30.4","","","",
"Nauru","NRU","Prevalence of current tobacco use (% of adults)","SH.PRV.SMOK","","","","","","","","","","","","","","","","","","","","","","","","","","","","","","","","","","","","","","","","","63.4","","","","","59.2","","","","","55.5","","","","","51.8","","","49.2","49.2","48.5","","","",
"New Zealand","NZL","Prevalence of current tobacco use (% of adults)","SH.PRV.SMOK","","","","","","","","","","","","","","","","","","","","","","","","","","","","","","","","","","","","","","","","","29.6","","","","","24.3","","","","","20.1","","","","","16.5","","","14.2","14.2","13.7","","","",
"OECD members","OED","Prevalence of current tobacco use (% of adults)","SH.PRV.SMOK","","","","","","","","","","","","","","","","","","","","","","","","","","","","","","","","","","","","","","","","","33.1250969289672","","","","","29.6887415292354","","","","","26.7512487398836","","","","","24.093342217573","","","22.2564250552651","22.2408501183643","21.8174929943849","","","",
"Oman","OMN","Prevalence of current tobacco use (% of adults)","SH.PRV.SMOK","","","","","","","","","","","","","","","","","","","","","","","","","","","","","","","","","","","","","","","","","7.6","","","","","7.7","","","","","7.7","","","","","7.8","","","7.9","7.9","8","","","",
"Other small states","OSS","Prevalence of current tobacco use (% of adults)","SH.PRV.SMOK","","","","","","","","","","","","","","","","","","","","","","","","","","","","","","","","","","","","","","","","","33.482225797277","","","","","30.3083228025563","","","","","27.4925488462301","","","","","25.2381488084843","","","23.601481257948","23.6032029332206","23.1959722452915","","","",
"Pakistan","PAK","Prevalence of current tobacco use (% of adults)","SH.PRV.SMOK","","","","","","","","","","","","","","","","","","","","","","","","","","","","","","","","","","","","","","","","","37.5","","","","","31.9","","","","","27.4","","","","","23.6","","","20.8","20.8","20.2","","","",
"Panama","PAN","Prevalence of current tobacco use (% of adults)","SH.PRV.SMOK","","","","","","","","","","","","","","","","","","","","","","","","","","","","","","","","","","","","","","","","","13.4","","","","","10.5","","","","","8.2","","","","","6.4","","","5.3","5.3","5","","","",
"Peru","PER","Prevalence of current tobacco use (% of adults)","SH.PRV.SMOK","","","","","","","","","","","","","","","","","","","","","","","","","","","","","","","","","","","","","","","","","32.9","","","","","23.1","","","","","16.3","","","","","11.5","","","8.7","8.7","8.1","","","",
"Philippines","PHL","Prevalence of current tobacco use (% of adults)","SH.PRV.SMOK","","","","","","","","","","","","","","","","","","","","","","","","","","","","","","","","","","","","","","","","","34.9","","","","","31.6","","","","","28.3","","","","","25.4","","","23.4","23.4","22.9","","","",
"Palau","PLW","Prevalence of current tobacco use (% of adults)","SH.PRV.SMOK","","","","","","","","","","","","","","","","","","","","","","","","","","","","","","","","","","","","","","","","","26.1","","","","","23.7","","","","","21.4","","","","","19.4","","","17.9","17.9","17.6","","","",
"Papua New Guinea","PNG","Prevalence of current tobacco use (% of adults)","SH.PRV.SMOK","","","","","","","","","","","","","","","","","","","","","","","","","","","","","","","","","","","","","","","","","54.1","","","","","49.7","","","","","45.9","","","","","42.5","","","39.9","39.9","39.3","","","",
"Poland","POL","Prevalence of current tobacco use (% of adults)","SH.PRV.SMOK","","","","","","","","","","","","","","","","","","","","","","","","","","","","","","","","","","","","","","","","","39.6","","","","","35","","","","","30.8","","","","","27.2","","","24.7","24.7","24","","","",
"Pre-demographic dividend","PRE","Prevalence of current tobacco use (% of adults)","SH.PRV.SMOK","","","","","","","","","","","","","","","","","","","","","","","","","","","","","","","","","","","","","","","","","19.452847308306","","","","","16.4375518785985","","","","","14.0050173427186","","","","","12.0946727871035","","","10.7845721531964","10.7905512888622","10.4709057665133","","","",
"Puerto Rico","PRI","Prevalence of current tobacco use (% of adults)","SH.PRV.SMOK","","","","","","","","","","","","","","","","","","","","","","","","","","","","","","","","","","","","","","","","","","","","","","","","","","","","","","","","","","","","","","","","",
"Korea, Dem. People's Rep.","PRK","Prevalence of current tobacco use (% of adults)","SH.PRV.SMOK","","","","","","","","","","","","","","","","","","","","","","","","","","","","","","","","","","","","","","","","","28.5","","","","","25.2","","","","","22.3","","","","","19.6","","","17.8","17.8","17.4","","","",
"Portugal","PRT","Prevalence of current tobacco use (% of adults)","SH.PRV.SMOK","","","","","","","","","","","","","","","","","","","","","","","","","","","","","","","","","","","","","","","","","25.7","","","","","25.3","","","","","25.3","","","","","25.2","","","25.3","25.3","25.4","","","",
"Paraguay","PRY","Prevalence of current tobacco use (% of adults)","SH.PRV.SMOK","","","","","","","","","","","","","","","","","","","","","","","","","","","","","","","","","","","","","","","","","29.1","","","","","23","","","","","18.2","","","","","14.5","","","12.1","12.1","11.5","","","",
"West Bank and Gaza","PSE","Prevalence of current tobacco use (% of adults)","SH.PRV.SMOK","","","","","","","","","","","","","","","","","","","","","","","","","","","","","","","","","","","","","","","","","","","","","","","","","","","","","","","","","","","","","","","","",
"Pacific island small states","PSS","Prevalence of current tobacco use (% of adults)","SH.PRV.SMOK","","","","","","","","","","","","","","","","","","","","","","","","","","","","","","","","","","","","","","","","","36.3977162402202","","","","","33.7314120919767","","","","","31.466202066071","","","","","29.3915697587117","","","27.902644375355","27.9412990420288","27.6124463562297","","","",
"Post-demographic dividend","PST","Prevalence of current tobacco use (% of adults)","SH.PRV.SMOK","","","","","","","","","","","","","","","","","","","","","","","","","","","","","","","","","","","","","","","","","34.503988939786","","","","","30.9775216745351","","","","","27.9375155536114","","","","","25.1834967238696","","","23.2571096675295","23.2473872939792","22.8114808899245","","","",
"French Polynesia","PYF","Prevalence of current tobacco use (% of adults)","SH.PRV.SMOK","","","","","","","","","","","","","","","","","","","","","","","","","","","","","","","","","","","","","","","","","","","","","","","","","","","","","","","","","","","","","","","","",
"Qatar","QAT","Prevalence of current tobacco use (% of adults)","SH.PRV.SMOK","","","","","","","","","","","","","","","","","","","","","","","","","","","","","","","","","","","","","","","","","13.5","","","","","13","","","","","12.6","","","","","12.2","","","12","12","11.8","","","",
"Romania","ROU","Prevalence of current tobacco use (% of adults)","SH.PRV.SMOK","","","","","","","","","","","","","","","","","","","","","","","","","","","","","","","","","","","","","","","","","35","","","","","33.2","","","","","31.4","","","","","29.7","","","28.4","28.4","28","","","",
"Russian Federation","RUS","Prevalence of current tobacco use (% of adults)","SH.PRV.SMOK","","","","","","","","","","","","","","","","","","","","","","","","","","","","","","","","","","","","","","","","","33.3","","","","","31.3","","","","","29.8","","","","","28.3","","","27.1","27.1","26.8","","","",
"Rwanda","RWA","Prevalence of current tobacco use (% of adults)","SH.PRV.SMOK","","","","","","","","","","","","","","","","","","","","","","","","","","","","","","","","","","","","","","","","","24.8","","","","","21.3","","","","","18.5","","","","","15.9","","","14.1","14.1","13.7","","","",
"South Asia","SAS","Prevalence of current tobacco use (% of adults)","SH.PRV.SMOK","","","","","","","","","","","","","","","","","","","","","","","","","","","","","","","","","","","","","","","","","52.6754254356022","","","","","44.2447654363408","","","","","37.2774701385031","","","","","31.7420234773403","","","27.8869463170204","27.8854525302818","27.0610506134705","","","",
"Saudi Arabia","SAU","Prevalence of current tobacco use (% of adults)","SH.PRV.SMOK","","","","","","","","","","","","","","","","","","","","","","","","","","","","","","","","","","","","","","","","","14.2","","","","","14.2","","","","","14.2","","","","","14.2","","","14.2","14.2","14.3","","","",
"Sudan","SDN","Prevalence of current tobacco use (% of adults)","SH.PRV.SMOK","","","","","","","","","","","","","","","","","","","","","","","","","","","","","","","","","","","","","","","","","","","","","","","","","","","","","","","","","","","","","","","","",
"Senegal","SEN","Prevalence of current tobacco use (% of adults)","SH.PRV.SMOK","","","","","","","","","","","","","","","","","","","","","","","","","","","","","","","","","","","","","","","","","14.3","","","","","11.9","","","","","9.9","","","","","8.3","","","7.1","7.1","6.9","","","",
"Singapore","SGP","Prevalence of current tobacco use (% of adults)","SH.PRV.SMOK","","","","","","","","","","","","","","","","","","","","","","","","","","","","","","","","","","","","","","","","","16.4","","","","","16.5","","","","","16.5","","","","","16.5","","","16.6","16.6","16.5","","","",
"Solomon Islands","SLB","Prevalence of current tobacco use (% of adults)","SH.PRV.SMOK","","","","","","","","","","","","","","","","","","","","","","","","","","","","","","","","","","","","","","","","","43.5","","","","","41.3","","","","","39.6","","","","","37.9","","","36.8","36.8","36.5","","","",
"Sierra Leone","SLE","Prevalence of current tobacco use (% of adults)","SH.PRV.SMOK","","","","","","","","","","","","","","","","","","","","","","","","","","","","","","","","","","","","","","","","","43.7","","","","","32.6","","","","","24.3","","","","","18.1","","","14.3","14.3","13.5","","","",
"El Salvador","SLV","Prevalence of current tobacco use (% of adults)","SH.PRV.SMOK","","","","","","","","","","","","","","","","","","","","","","","","","","","","","","","","","","","","","","","","","15.9","","","","","13.4","","","","","11.3","","","","","9.5","","","8.3","8.3","7.9","","","",
"San Marino","SMR","Prevalence of current tobacco use (% of adults)","SH.PRV.SMOK","","","","","","","","","","","","","","","","","","","","","","","","","","","","","","","","","","","","","","","","","","","","","","","","","","","","","","","","","","","","","","","","",
"Somalia","SOM","Prevalence of current tobacco use (% of adults)","SH.PRV.SMOK","","","","","","","","","","","","","","","","","","","","","","","","","","","","","","","","","","","","","","","","","","","","","","","","","","","","","","","","","","","","","","","","",
"Serbia","SRB","Prevalence of current tobacco use (% of adults)","SH.PRV.SMOK","","","","","","","","","","","","","","","","","","","","","","","","","","","","","","","","","","","","","","","","","45.1","","","","","43.7","","","","","42.3","","","","","40.9","","","40.1","40.1","39.8","","","",
"Sub-Saharan Africa (excluding high income)","SSA","Prevalence of current tobacco use (% of adults)","SH.PRV.SMOK","","","","","","","","","","","","","","","","","","","","","","","","","","","","","","","","","","","","","","","","","17.5973962643158","","","","","14.9683981977797","","","","","12.8240656277962","","","","","11.0770539886665","","","9.87509278664933","9.86203820975716","9.57687437918797","","","",
"South Sudan","SSD","Prevalence of current tobacco use (% of adults)","SH.PRV.SMOK","","","","","","","","","","","","","","","","","","","","","","","","","","","","","","","","","","","","","","","","","","","","","","","","","","","","","","","","","","","","","","","","",
"Sub-Saharan Africa","SSF","Prevalence of current tobacco use (% of adults)","SH.PRV.SMOK","","","","","","","","","","","","","","","","","","","","","","","","","","","","","","","","","","","","","","","","","17.5993287364989","","","","","14.9701859132611","","","","","12.8257866621321","","","","","11.0786003190125","","","9.87651746878512","9.86343583335131","9.57822928035772","","","",
"Small states","SST","Prevalence of current tobacco use (% of adults)","SH.PRV.SMOK","","","","","","","","","","","","","","","","","","","","","","","","","","","","","","","","","","","","","","","","","32.2360855145392","","","","","29.1608902717572","","","","","26.4786614084891","","","","","24.2566405806149","","","22.675614862192","22.6752003073121","22.2979380367152","","","",
"Sao Tome and Principe","STP","Prevalence of current tobacco use (% of adults)","SH.PRV.SMOK","","","","","","","","","","","","","","","","","","","","","","","","","","","","","","","","","","","","","","","","","7.8","","","","","7.2","","","","","6.6","","","","","6.2","","","5.8","5.8","5.7","","","",
"Suriname","SUR","Prevalence of current tobacco use (% of adults)","SH.PRV.SMOK","","","","","","","","","","","","","","","","","","","","","","","","","","","","","","","","","","","","","","","","","","","","","","","","","","","","","","","","","","","","","","","","",
"Slovak Republic","SVK","Prevalence of current tobacco use (% of adults)","SH.PRV.SMOK","","","","","","","","","","","","","","","","","","","","","","","","","","","","","","","","","","","","","","","","","32","","","","","31.7","","","","","31.6","","","","","31.5","","","31.5","31.5","31.5","","","",
"Slovenia","SVN","Prevalence of current tobacco use (% of adults)","SH.PRV.SMOK","","","","","","","","","","","","","","","","","","","","","","","","","","","","","","","","","","","","","","","","","25.1","","","","","24.2","","","","","23.5","","","","","22.7","","","22.3","22.3","22","","","",
"Sweden","SWE","Prevalence of current tobacco use (% of adults)","SH.PRV.SMOK","","","","","","","","","","","","","","","","","","","","","","","","","","","","","","","","","","","","","","","","","43.8","","","","","37.6","","","","","32.3","","","","","27.9","","","24.8","24.8","24","","","",
"Eswatini","SWZ","Prevalence of current tobacco use (% of adults)","SH.PRV.SMOK","","","","","","","","","","","","","","","","","","","","","","","","","","","","","","","","","","","","","","","","","12.3","","","","","11.4","","","","","10.5","","","","","9.8","","","9.3","9.3","9.2","","","",
"Sint Maarten (Dutch part)","SXM","Prevalence of current tobacco use (% of adults)","SH.PRV.SMOK","","","","","","","","","","","","","","","","","","","","","","","","","","","","","","","","","","","","","","","","","","","","","","","","","","","","","","","","","","","","","","","","",
"Seychelles","SYC","Prevalence of current tobacco use (% of adults)","SH.PRV.SMOK","","","","","","","","","","","","","","","","","","","","","","","","","","","","","","","","","","","","","","","","","28.7","","","","","26.2","","","","","24","","","","","22.1","","","20.6","20.6","20.2","","","",
"Syrian Arab Republic","SYR","Prevalence of current tobacco use (% of adults)","SH.PRV.SMOK","","","","","","","","","","","","","","","","","","","","","","","","","","","","","","","","","","","","","","","","","","","","","","","","","","","","","","","","","","","","","","","","",
"Turks and Caicos Islands","TCA","Prevalence of current tobacco use (% of adults)","SH.PRV.SMOK","","","","","","","","","","","","","","","","","","","","","","","","","","","","","","","","","","","","","","","","","","","","","","","","","","","","","","","","","","","","","","","","",
"Chad","TCD","Prevalence of current tobacco use (% of adults)","SH.PRV.SMOK","","","","","","","","","","","","","","","","","","","","","","","","","","","","","","","","","","","","","","","","","13.9","","","","","12.2","","","","","10.7","","","","","9.4","","","8.5","8.5","8.3","","","",
"East Asia & Pacific (IDA & IBRD countries)","TEA","Prevalence of current tobacco use (% of adults)","SH.PRV.SMOK","","","","","","","","","","","","","","","","","","","","","","","","","","","","","","","","","","","","","","","","","29.5200798375419","","","","","28.968597947762","","","","","28.2793926654993","","","","","27.705532531902","","","27.3117258892053","27.3198385902614","27.2194123318671","","","",
"Europe & Central Asia (IDA & IBRD countries)","TEC","Prevalence of current tobacco use (% of adults)","SH.PRV.SMOK","","","","","","","","","","","","","","","","","","","","","","","","","","","","","","","","","","","","","","","","","34.6505047750833","","","","","32.2958591410171","","","","","30.2767767145759","","","","","28.4503510375728","","","27.1523717426249","27.145415170836","26.7922122179003","","","",
"Togo","TGO","Prevalence of current tobacco use (% of adults)","SH.PRV.SMOK","","","","","","","","","","","","","","","","","","","","","","","","","","","","","","","","","","","","","","","","","14.4","","","","","11.9","","","","","9.8","","","","","8.2","","","7.1","7.1","6.8","","","",
"Thailand","THA","Prevalence of current tobacco use (% of adults)","SH.PRV.SMOK","","","","","","","","","","","","","","","","","","","","","","","","","","","","","","","","","","","","","","","","","31.7","","","","","28.8","","","","","26.3","","","","","24.1","","","22.5","22.5","22.1","","","",
"Tajikistan","TJK","Prevalence of current tobacco use (% of adults)","SH.PRV.SMOK","","","","","","","","","","","","","","","","","","","","","","","","","","","","","","","","","","","","","","","","","","","","","","","","","","","","","","","","","","","","","","","","",
"Turkmenistan","TKM","Prevalence of current tobacco use (% of adults)","SH.PRV.SMOK","","","","","","","","","","","","","","","","","","","","","","","","","","","","","","","","","","","","","","","","","12","","","","","9.9","","","","","8.2","","","","","6.7","","","5.8","5.8","5.5","","","",
"Latin America & the Caribbean (IDA & IBRD countries)","TLA","Prevalence of current tobacco use (% of adults)","SH.PRV.SMOK","","","","","","","","","","","","","","","","","","","","","","","","","","","","","","","","","","","","","","","","","24.7204338397197","","","","","21.1001720925539","","","","","18.0245245479005","","","","","15.4847531903785","","","13.7497836405449","13.7440492004302","13.3616531774352","","","",
"Timor-Leste","TLS","Prevalence of current tobacco use (% of adults)","SH.PRV.SMOK","","","","","","","","","","","","","","","","","","","","","","","","","","","","","","","","","","","","","","","","","53.5","","","","","49.5","","","","","46","","","","","42.5","","","39.8","39.8","39.2","","","",
"Middle East & North Africa (IDA & IBRD countries)","TMN","Prevalence of current tobacco use (% of adults)","SH.PRV.SMOK","","","","","","","","","","","","","","","","","","","","","","","","","","","","","","","","","","","","","","","","","23.8861878354669","","","","","22.4672309902963","","","","","21.4731705957657","","","","","20.6808707294848","","","20.0615944875067","20.0609533825548","19.8398278721757","","","",
"Tonga","TON","Prevalence of current tobacco use (% of adults)","SH.PRV.SMOK","","","","","","","","","","","","","","","","","","","","","","","","","","","","","","","","","","","","","","","","","33.5","","","","","32.8","","","","","32.1","","","","","31.6","","","31.1","31.1","31","","","",
"South Asia (IDA & IBRD)","TSA","Prevalence of current tobacco use (% of adults)","SH.PRV.SMOK","","","","","","","","","","","","","","","","","","","","","","","","","","","","","","","","","","","","","","","","","52.6754254356022","","","","","44.2447654363408","","","","","37.2774701385031","","","","","31.7420234773403","","","27.8869463170204","27.8854525302818","27.0610506134705","","","",
"Sub-Saharan Africa (IDA & IBRD countries)","TSS","Prevalence of current tobacco use (% of adults)","SH.PRV.SMOK","","","","","","","","","","","","","","","","","","","","","","","","","","","","","","","","","","","","","","","","","17.5993287364989","","","","","14.9701859132611","","","","","12.8257866621321","","","","","11.0786003190125","","","9.87651746878512","9.86343583335131","9.57822928035772","","","",
"Trinidad and Tobago","TTO","Prevalence of current tobacco use (% of adults)","SH.PRV.SMOK","","","","","","","","","","","","","","","","","","","","","","","","","","","","","","","","","","","","","","","","","","","","","","","","","","","","","","","","","","","","","","","","",
"Tunisia","TUN","Prevalence of current tobacco use (% of adults)","SH.PRV.SMOK","","","","","","","","","","","","","","","","","","","","","","","","","","","","","","","","","","","","","","","","","34.3","","","","","31.6","","","","","29","","","","","26.6","","","25","25","24.6","","","",
"Turkiye","TUR","Prevalence of current tobacco use (% of adults)","SH.PRV.SMOK","","","","","","","","","","","","","","","","","","","","","","","","","","","","","","","","","","","","","","","","","32.9","","","","","32.2","","","","","31.7","","","","","31.1","","","30.9","30.9","30.7","","","",
"Tuvalu","TUV","Prevalence of current tobacco use (% of adults)","SH.PRV.SMOK","","","","","","","","","","","","","","","","","","","","","","","","","","","","","","","","","","","","","","","","","48.8","","","","","45.3","","","","","41.8","","","","","38.4","","","36","36","35.6","","","",
"Tanzania","TZA","Prevalence of current tobacco use (% of adults)","SH.PRV.SMOK","","","","","","","","","","","","","","","","","","","","","","","","","","","","","","","","","","","","","","","","","27.8","","","","","20.7","","","","","15.5","","","","","11.6","","","9.2","9.2","8.7","","","",
"Uganda","UGA","Prevalence of current tobacco use (% of adults)","SH.PRV.SMOK","","","","","","","","","","","","","","","","","","","","","","","","","","","","","","","","","","","","","","","","","24.7","","","","","18.8","","","","","14.3","","","","","10.9","","","8.9","8.9","8.4","","","",
"Ukraine","UKR","Prevalence of current tobacco use (% of adults)","SH.PRV.SMOK","","","","","","","","","","","","","","","","","","","","","","","","","","","","","","","","","","","","","","","","","37.7","","","","","34.3","","","","","31.1","","","","","28.4","","","26.2","26.2","25.8","","","",
"Upper middle income","UMC","Prevalence of current tobacco use (% of adults)","SH.PRV.SMOK","","","","","","","","","","","","","","","","","","","","","","","","","","","","","","","","","","","","","","","","","27.6130816056884","","","","","26.5253375621561","","","","","25.4287644654067","","","","","24.5003595956066","","","23.8766300749815","23.8604689099777","23.7061055237781","","","",
"Uruguay","URY","Prevalence of current tobacco use (% of adults)","SH.PRV.SMOK","","","","","","","","","","","","","","","","","","","","","","","","","","","","","","","","","","","","","","","","","35.3","","","","","31.2","","","","","27.5","","","","","24.3","","","22","22","21.5","","","",
"United States","USA","Prevalence of current tobacco use (% of adults)","SH.PRV.SMOK","","","","","","","","","","","","","","","","","","","","","","","","","","","","","","","","","","","","","","","","","33.8","","","","","30.6","","","","","28","","","","","25.3","","","23.4","23.4","23","","","",
"Uzbekistan","UZB","Prevalence of current tobacco use (% of adults)","SH.PRV.SMOK","","","","","","","","","","","","","","","","","","","","","","","","","","","","","","","","","","","","","","","","","24.9","","","","","22.7","","","","","20.9","","","","","19.1","","","17.8","17.8","17.6","","","",
"St. Vincent and the Grenadines","VCT","Prevalence of current tobacco use (% of adults)","SH.PRV.SMOK","","","","","","","","","","","","","","","","","","","","","","","","","","","","","","","","","","","","","","","","","","","","","","","","","","","","","","","","","","","","","","","","",
"Venezuela, RB","VEN","Prevalence of current tobacco use (% of adults)","SH.PRV.SMOK","","","","","","","","","","","","","","","","","","","","","","","","","","","","","","","","","","","","","","","","","","","","","","","","","","","","","","","","","","","","","","","","",
"British Virgin Islands","VGB","Prevalence of current tobacco use (% of adults)","SH.PRV.SMOK","","","","","","","","","","","","","","","","","","","","","","","","","","","","","","","","","","","","","","","","","","","","","","","","","","","","","","","","","","","","","","","","",
"Virgin Islands (U.S.)","VIR","Prevalence of current tobacco use (% of adults)","SH.PRV.SMOK","","","","","","","","","","","","","","","","","","","","","","","","","","","","","","","","","","","","","","","","","","","","","","","","","","","","","","","","","","","","","","","","",
"Viet Nam","VNM","Prevalence of current tobacco use (% of adults)","SH.PRV.SMOK","","","","","","","","","","","","","","","","","","","","","","","","","","","","","","","","","","","","","","","","","29.8","","","","","28.3","","","","","27","","","","","26","","","25","25","24.8","","","",
"Vanuatu","VUT","Prevalence of current tobacco use (% of adults)","SH.PRV.SMOK","","","","","","","","","","","","","","","","","","","","","","","","","","","","","","","","","","","","","","","","","25.6","","","","","23.3","","","","","21.3","","","","","19.4","","","18.2","18.2","17.8","","","",
"World","WLD","Prevalence of current tobacco use (% of adults)","SH.PRV.SMOK","","","","","","","","","","","","","","","","","","","","","","","","","","","","","","","","","","","","","","","","","34.1514890332573","","","","","30.7487440030619","","","","","27.7670246050109","","","","","25.2228714813376","","","23.4272617251175","23.3969838946514","22.9782751522708","","","",
"Samoa","WSM","Prevalence of current tobacco use (% of adults)","SH.PRV.SMOK","","","","","","","","","","","","","","","","","","","","","","","","","","","","","","","","","","","","","","","","","39","","","","","35","","","","","31.4","","","","","28.1","","","25.9","25.9","25.3","","","",
"Kosovo","XKX","Prevalence of current tobacco use (% of adults)","SH.PRV.SMOK","","","","","","","","","","","","","","","","","","","","","","","","","","","","","","","","","","","","","","","","","","","","","","","","","","","","","","","","","","","","","","","","",
"Yemen, Rep.","YEM","Prevalence of current tobacco use (% of adults)","SH.PRV.SMOK","","","","","","","","","","","","","","","","","","","","","","","","","","","","","","","","","","","","","","","","","27.3","","","","","25.3","","","","","23.4","","","","","21.8","","","20.5","20.5","20.3","","","",
"South Africa","ZAF","Prevalence of current tobacco use (% of adults)","SH.PRV.SMOK","","","","","","","","","","","","","","","","","","","","","","","","","","","","","","","","","","","","","","","","","23.5","","","","","22.5","","","","","21.6","","","","","21","","","20.4","20.4","20.3","","","",
"Zambia","ZMB","Prevalence of current tobacco use (% of adults)","SH.PRV.SMOK","","","","","","","","","","","","","","","","","","","","","","","","","","","","","","","","","","","","","","","","","19.9","","","","","18.1","","","","","16.7","","","","","15.5","","","14.6","14.6","14.4","","","",
"Zimbabwe","ZWE","Prevalence of current tobacco use (% of adults)","SH.PRV.SMOK","","","","","","","","","","","","","","","","","","","","","","","","","","","","","","","","","","","","","","","","","21","","","","","18.1","","","","","15.6","","","","","13.6","","","12.1","12.1","11.7","","","",
